-- phpMyAdmin SQL Dump
-- version 5.0.2
-- https://www.phpmyadmin.net/
--
-- Hôte : 127.0.0.1:3307
-- Généré le : lun. 04 avr. 2022 à 15:42
-- Version du serveur :  10.5.4-MariaDB
-- Version de PHP : 7.3.21

SET SQL_MODE = "NO_AUTO_VALUE_ON_ZERO";
START TRANSACTION;
SET time_zone = "+00:00";


/*!40101 SET @OLD_CHARACTER_SET_CLIENT=@@CHARACTER_SET_CLIENT */;
/*!40101 SET @OLD_CHARACTER_SET_RESULTS=@@CHARACTER_SET_RESULTS */;
/*!40101 SET @OLD_COLLATION_CONNECTION=@@COLLATION_CONNECTION */;
/*!40101 SET NAMES utf8mb4 */;

--
-- Base de données : `hackathon`
--

-- --------------------------------------------------------

--
-- Structure de la table `commentaire`
--

DROP TABLE IF EXISTS `commentaire`;
CREATE TABLE IF NOT EXISTS `commentaire` (
  `IdCommentaire` int(11) NOT NULL AUTO_INCREMENT,
  `Texte` varchar(1024) NOT NULL,
  `Date` date NOT NULL,
  `IdHackathon` int(11) NOT NULL,
  PRIMARY KEY (`IdCommentaire`),
  KEY `Commentaire_ibfk_1` (`IdHackathon`)
) ENGINE=InnoDB DEFAULT CHARSET=utf8;

-- --------------------------------------------------------

--
-- Structure de la table `evenement`
--

DROP TABLE IF EXISTS `evenement`;
CREATE TABLE IF NOT EXISTS `evenement` (
  `IdEvenement` int(30) NOT NULL AUTO_INCREMENT,
  `Theme` varchar(256) NOT NULL,
  `Date` date NOT NULL,
  `HeureDebut` time NOT NULL,
  `HeureFin` time NOT NULL,
  `IdHackathon` int(30) NOT NULL,
  `IdTypeEvenement` int(30) NOT NULL,
  `NbPlaces` int(30) NOT NULL,
  PRIMARY KEY (`IdEvenement`),
  KEY `Evenement_ibfk_2` (`IdTypeEvenement`),
  KEY `Evenement_ibfk_1` (`IdHackathon`)
) ENGINE=InnoDB AUTO_INCREMENT=131 DEFAULT CHARSET=latin1;

--
-- Déchargement des données de la table `evenement`
--

INSERT INTO `evenement` (`IdEvenement`, `Theme`, `Date`, `HeureDebut`, `HeureFin`, `IdHackathon`, `IdTypeEvenement`, `NbPlaces`) VALUES
(15, 'Webconférence', '2021-10-25', '10:12:00', '14:25:40', 1, 1, 20),
(16, 'Confé-Web', '2022-09-20', '10:12:00', '14:25:40', 1, 1, 20),
(17, 'La Progra pour les Nuls', '2021-10-25', '10:12:00', '14:25:40', 1, 2, 20),
(18, 'Confé-frère', '2021-10-05', '10:12:00', '14:25:40', 2, 1, 20),
(19, 'Ama-app\'', '2021-01-25', '10:30:00', '14:25:00', 1, 2, 20),
(20, 'Commence-code', '2020-10-25', '10:00:00', '13:05:20', 1, 2, 20),
(21, 'Conférence sur le Numérique', '2021-03-25', '10:12:00', '14:25:40', 3, 1, 20),
(22, 'Hackmateur', '2021-10-25', '10:11:00', '14:25:40', 5, 2, 20),
(23, 'Démarrer le code', '2021-10-25', '10:12:00', '14:25:40', 6, 2, 20),
(24, 'Les limites du code', '2021-10-25', '10:12:00', '14:25:40', 7, 1, 20),
(31, 'Carter, The', '2023-02-21', '21:27:46', '01:07:07', 6, 2, 82),
(32, 'Endurance: Shackleton\'s Legendary Antarctic Expedition, The', '2023-03-18', '14:49:27', '08:20:59', 1, 2, 16),
(33, 'Neil Young Journeys', '2022-09-28', '00:57:24', '11:51:36', 3, 1, 56),
(34, 'Screamers: The Hunting', '2022-09-03', '13:13:53', '06:40:55', 1, 1, 62),
(35, 'Goldfinger', '2022-08-14', '23:09:59', '16:40:16', 6, 2, 50),
(36, 'Cloak & Dagger', '2022-08-19', '21:42:04', '02:41:38', 1, 2, 41),
(37, 'Ballistic: Ecks vs. Sever', '2022-08-02', '01:29:57', '15:46:03', 1, 2, 6),
(38, 'Mighty Ducks, The', '2022-08-30', '18:13:41', '15:24:21', 1, 2, 95),
(39, 'The Amazing Catfish', '2023-02-03', '00:56:16', '09:05:23', 7, 1, 82),
(40, 'Legalese', '2022-11-29', '02:27:36', '19:14:22', 2, 1, 30),
(41, 'Walk in the Sun, A', '2022-09-12', '13:38:51', '03:51:05', 3, 1, 94),
(42, 'Hurt', '2022-08-20', '15:29:38', '19:32:29', 7, 2, 15),
(43, 'Message from Akira Kurosawa: For Beautiful Movies, A (Kurosawa Akira kara no messêji: Utsukushii eiga o)', '2022-10-14', '21:03:43', '10:30:49', 4, 1, 39),
(44, 'King of the Hill', '2023-04-02', '18:21:37', '14:12:54', 1, 1, 39),
(45, 'Troop Beverly Hills', '2022-04-19', '16:52:53', '10:47:37', 7, 1, 57),
(46, 'Master and Margaret, The (Il maestro e Margherita)', '2023-02-03', '08:47:51', '21:40:34', 6, 1, 72),
(47, 'Only the Lonely', '2022-05-23', '19:05:12', '03:59:39', 5, 2, 64),
(48, 'Bad Blood: A Cautionary Tale ', '2023-03-03', '22:55:07', '20:30:09', 5, 2, 75),
(49, 'Muhammad Ali\'s Greatest Fight', '2022-06-13', '13:06:09', '10:33:52', 6, 1, 48),
(50, 'Celsius 41.11: The Temperature at Which the Brain... Begins to Die', '2022-06-25', '20:14:56', '06:50:13', 4, 2, 52),
(51, 'Nell', '2022-09-07', '05:22:25', '08:06:45', 2, 2, 59),
(52, 'Ricky Gervais Live: Animals', '2022-12-24', '01:43:06', '02:03:50', 7, 2, 41),
(53, 'Nature of the Beast, The', '2022-06-09', '04:53:39', '03:20:07', 6, 1, 55),
(54, 'True Heart Susie', '2023-01-20', '15:52:50', '17:10:47', 2, 1, 83),
(55, 'Abe Lincoln in Illinois', '2023-03-17', '23:51:02', '07:17:37', 4, 2, 92),
(56, 'Best of Times, The', '2022-06-26', '21:01:36', '16:09:26', 4, 2, 4),
(57, 'Courage Under Fire', '2022-06-15', '16:34:45', '02:07:00', 6, 2, 30),
(58, 'Banger Sisters, The', '2022-09-16', '17:03:07', '13:19:12', 3, 1, 69),
(59, 'It! The Terror from Beyond Space', '2022-04-29', '09:31:24', '06:14:37', 3, 1, 49),
(60, 'Lord of the Rings, The', '2023-01-30', '06:08:42', '04:45:34', 2, 2, 75),
(61, 'Food of the Gods, The', '2022-05-14', '01:52:23', '03:38:24', 5, 1, 74),
(62, 'Bag It', '2022-07-02', '15:32:23', '16:19:28', 3, 1, 48),
(63, 'Sasayaki (a.k.a. Moonlight Whispers) (Gekkô no sasayaki)', '2022-05-28', '18:41:52', '00:10:12', 4, 1, 19),
(64, 'Fill the Void (Lemale et ha\'halal)', '2022-07-02', '20:15:39', '22:36:56', 2, 1, 44),
(65, 'Red Hill', '2022-07-14', '17:29:09', '09:31:16', 1, 1, 5),
(66, 'Home Alone 3', '2022-12-03', '16:59:19', '08:01:02', 4, 1, 9),
(67, 'Creeping Terror, The (Crawling Monster, The)', '2022-05-12', '03:46:26', '00:35:56', 2, 2, 62),
(68, 'Missionary', '2023-01-20', '12:19:41', '08:47:07', 6, 2, 75),
(69, '3 Bad Men', '2023-02-25', '08:23:40', '23:22:01', 7, 2, 39),
(70, 'Radio Inside', '2022-08-09', '17:06:29', '23:49:12', 3, 1, 53),
(71, 'Alone (Issiz adam)', '2022-11-15', '19:20:15', '14:22:09', 3, 2, 83),
(72, 'Seopyeonje', '2022-09-27', '03:02:48', '02:37:30', 3, 1, 1),
(73, 'No Where No One (Hich Koja Hich Kas)', '2023-01-30', '05:33:55', '12:39:25', 6, 1, 99),
(74, 'Scanner Darkly, A', '2023-02-19', '15:09:03', '21:18:50', 4, 1, 64),
(75, 'Last Lions, The', '2022-10-01', '06:55:14', '03:30:35', 4, 2, 21),
(76, 'Last Summer of La Boyita, The (El último verano de la Boyita)', '2022-12-03', '18:00:17', '18:25:35', 6, 1, 31),
(77, 'Paris Is Burning', '2022-10-05', '00:13:51', '06:33:12', 6, 1, 99),
(78, 'Among Giants', '2022-07-02', '17:45:43', '03:56:53', 3, 2, 96),
(79, 'Random Hearts', '2022-11-20', '05:30:17', '00:02:48', 4, 1, 61),
(80, 'Teenage', '2023-03-14', '00:54:56', '04:11:42', 6, 1, 18),
(81, 'The Hire: Ambush', '2022-09-24', '03:13:36', '16:34:24', 2, 2, 94),
(82, 'Anything Else', '2022-05-19', '15:23:16', '12:22:53', 3, 2, 52),
(83, 'Jack and Jill', '2023-03-26', '02:55:38', '23:09:50', 4, 1, 55),
(84, 'She and Her Cat (Kanojo to kanojo no neko)', '2022-06-19', '06:36:35', '05:22:13', 7, 1, 83),
(85, 'Dillinger Is Dead (Dillinger è morto)', '2022-07-04', '04:02:58', '10:32:47', 5, 2, 23),
(86, 'Bishop Murder Case, The', '2022-08-17', '09:19:15', '08:42:16', 4, 1, 76),
(87, 'The Living Magoroku', '2022-11-09', '07:34:18', '01:29:33', 6, 2, 48),
(88, 'Sergeant, The', '2022-08-14', '05:31:42', '17:59:06', 1, 2, 18),
(89, 'Dr. Terror\'s House of Horrors', '2022-12-24', '20:07:55', '12:12:56', 3, 1, 88),
(90, 'Never on Sunday (Pote tin Kyriaki)', '2022-11-11', '18:58:25', '17:39:06', 2, 1, 83),
(91, '14 Blades (Jin yi wei)', '2022-10-24', '00:28:30', '09:33:35', 5, 2, 82),
(92, 'Parasite', '2023-01-24', '11:02:14', '02:59:07', 1, 1, 20),
(93, 'Arrival, The', '2023-02-27', '03:43:51', '19:22:18', 7, 2, 84),
(94, 'This Man Must Die (Que la bête meure)', '2022-07-04', '18:57:15', '01:52:13', 1, 2, 82),
(95, 'Video Games: The Movie', '2022-09-10', '00:31:15', '11:29:27', 4, 1, 53),
(96, 'Pork Chop Hill', '2023-01-31', '08:55:47', '18:14:04', 7, 1, 13),
(97, 'Jesse Stone: No Remorse', '2023-02-15', '10:28:04', '17:50:25', 6, 2, 98),
(98, 'Invasion of the Bee Girls', '2023-02-17', '17:30:24', '09:43:44', 4, 2, 43),
(99, 'Jar City (Mýrin)', '2022-08-28', '12:09:59', '20:46:07', 2, 2, 60),
(100, 'Raging Bull', '2022-05-24', '01:27:24', '03:37:44', 6, 1, 28),
(101, 'Tetsuo II: Body Hammer', '2022-12-18', '12:14:58', '16:20:15', 4, 2, 36),
(102, 'Storm Warriors, The (Fung wan II)', '2022-04-07', '05:27:15', '21:42:14', 4, 2, 37),
(103, 'Trailer Park Boys: The Movie', '2022-12-30', '08:25:12', '18:14:56', 4, 1, 88),
(104, 'I Could Never Be Your Woman', '2022-04-29', '18:13:54', '21:46:20', 1, 1, 63),
(105, 'Mother and Child', '2022-07-12', '21:16:26', '13:15:50', 3, 2, 6),
(106, 'President\'s Lady, The', '2023-03-04', '20:42:13', '19:07:55', 2, 1, 32),
(107, 'Ali: Fear Eats the Soul (Angst essen Seele auf)', '2022-10-13', '21:30:02', '17:42:19', 2, 1, 38),
(108, 'Caramel (Sukkar banat)', '2022-11-21', '03:23:21', '06:03:59', 5, 2, 88),
(109, 'Craig Ferguson: I\'m Here To Help', '2022-08-03', '17:32:55', '19:17:27', 7, 2, 56),
(110, 'Sting II, The', '2022-08-20', '11:19:15', '21:52:41', 3, 1, 38),
(111, 'Day and Night (Dag och natt)', '2022-10-21', '14:05:57', '07:00:49', 1, 1, 81),
(112, 'Lethal Weapon', '2023-02-05', '07:51:13', '04:51:55', 1, 1, 73),
(113, '8 1/2 (8½)', '2022-04-22', '04:34:59', '06:13:46', 3, 1, 4),
(114, 'Girl from Jones Beach, The', '2022-10-07', '16:00:57', '07:49:27', 5, 2, 89),
(115, 'Pot O\' Gold', '2023-01-12', '16:34:42', '08:56:04', 5, 2, 20),
(116, 'Manufacturing Reality: Slavoj Zizek and the Reality of the Virtual (Slavoj Zizek: The Reality of the Virtual)', '2022-06-27', '21:15:03', '16:56:18', 7, 1, 63),
(117, 'Cool Air', '2022-06-19', '09:56:02', '01:15:54', 4, 1, 36),
(118, 'Birthday Girl', '2022-09-14', '19:41:15', '18:22:39', 4, 1, 97),
(119, 'Blindness', '2022-08-10', '00:59:36', '13:26:56', 5, 2, 33),
(120, 'Poltergeist', '2022-05-20', '05:20:30', '14:32:22', 3, 2, 52),
(121, 'Earth vs. The Spider', '2022-06-05', '16:29:52', '03:04:03', 3, 2, 16),
(122, 'Trojan War', '2023-03-05', '21:10:35', '22:23:01', 3, 1, 34),
(123, 'Waking Ned Devine (a.k.a. Waking Ned)', '2022-06-24', '11:36:19', '04:00:58', 5, 2, 15),
(124, 'Kein Bund für\'s Leben', '2023-03-30', '22:36:51', '13:49:37', 3, 1, 56),
(125, 'One-Way Ticket to Mombasa (Menolippu Mombasaan)', '2022-06-15', '08:00:50', '13:19:38', 2, 1, 61),
(126, 'Frankenstein Unbound', '2022-04-12', '08:13:20', '20:31:22', 4, 1, 38),
(127, 'Voll Normaaal', '2022-06-10', '05:34:49', '12:20:46', 7, 1, 44),
(128, 'Fled', '2022-09-21', '21:18:51', '07:50:32', 4, 1, 28),
(129, 'Rich in Love', '2022-04-12', '03:15:17', '18:05:45', 2, 2, 100),
(130, 'Man Who Loved Women, The', '2022-05-23', '22:11:22', '11:20:23', 5, 1, 86);

-- --------------------------------------------------------

--
-- Structure de la table `favori`
--

DROP TABLE IF EXISTS `favori`;
CREATE TABLE IF NOT EXISTS `favori` (
  `IdFavori` int(11) NOT NULL AUTO_INCREMENT,
  `IdHackathon` int(11) NOT NULL,
  `IdParticipant` int(11) NOT NULL,
  PRIMARY KEY (`IdFavori`),
  KEY `Favori_ibfk_1` (`IdHackathon`),
  KEY `Favori_ibfk_2` (`IdParticipant`)
) ENGINE=InnoDB DEFAULT CHARSET=utf8;

-- --------------------------------------------------------

--
-- Structure de la table `hackathon`
--

DROP TABLE IF EXISTS `hackathon`;
CREATE TABLE IF NOT EXISTS `hackathon` (
  `IdHackathon` int(30) NOT NULL AUTO_INCREMENT,
  `DateDebut` date NOT NULL,
  `HeureDebut` time DEFAULT NULL,
  `DateFin` date DEFAULT NULL,
  `HeureFin` time DEFAULT NULL,
  `Lieu` varchar(255) DEFAULT NULL,
  `Rue` varchar(255) DEFAULT NULL,
  `Ville` varchar(255) DEFAULT NULL,
  `CodePostal` char(5) DEFAULT NULL,
  `Theme` varchar(255) NOT NULL,
  `DateLimite` date DEFAULT NULL,
  `NbPlaces` int(11) DEFAULT NULL,
  `Image` varchar(256) DEFAULT NULL,
  PRIMARY KEY (`IdHackathon`)
) ENGINE=InnoDB AUTO_INCREMENT=8 DEFAULT CHARSET=utf8;

--
-- Déchargement des données de la table `hackathon`
--

INSERT INTO `hackathon` (`IdHackathon`, `DateDebut`, `HeureDebut`, `DateFin`, `HeureFin`, `Lieu`, `Rue`, `Ville`, `CodePostal`, `Theme`, `DateLimite`, `NbPlaces`, `Image`) VALUES
(1, '2021-10-15', '18:00:00', '2021-10-17', '18:00:00', 'Talent Garden', '100 Avenue Willy Brandt', 'Lille', '59777', 'La nuit du code citoyen', '2021-10-10', 50, 'https://media.fashionnetwork.com/m/aa78/2e76/d314/bf17/bf6d/ebb3/d682/a1f8/bc27/eeac/eeac.jpg'),
(2, '2021-12-08', '09:30:00', '2021-12-22', '18:00:00', 'Loco Numérique', '123 Bd Louis Blanc', 'La Roche Sur Yon', '85000', 'Hackathon sur le changement climatique et la protection de la biodiversité', '2021-11-08', 20, 'https://mvistatic.com/photosmvi/2021/06/14/P26896746D4678929G.jpg'),
(3, '2022-01-27', '18:30:00', '2022-01-30', '20:30:00', 'Lelaptop: atelier modulable', '7 rue Geoffroy Langevin', 'Paris', '75004', 'WomenHack', '2021-12-27', 40, 'https://www.lelaptop.com/wp-content/uploads/Laptop_Atelier_Beaubourg_centre_paris_location_2000.jpg'),
(4, '2022-03-19', NULL, NULL, NULL, NULL, NULL, NULL, NULL, 'Building The new web', NULL, NULL, 'https://media.lesechos.com/api/v1/images/view/5ca599e8d286c24ccb023f53/1280x720/0601019270795-web-tete.jpg'),
(5, '2022-06-28', NULL, '2022-07-02', NULL, 'Euratechnologies', '165 Avenue de Bretagne ', 'Lille', '59000', 'Hackathon Summer Space Festival', NULL, 150, 'https://www.lille.fr/var/www/storage/images/mediatheque/mairie-de-lille/visuels-annuaire/euratechnologies/47886-1-fre-FR/Euratechnologies_news_image_top.jpg'),
(6, '2021-11-05', '08:00:00', '2021-11-06', '08:00:00', 'Le palace', '4 rue Voltaire', 'Nantes', '44000', 'InnovHathon', '2021-10-20', 25, 'https://cdn-krusty.galaxy.tf/thumb/sizeW1844/unit-media/workin-unit/uploads/images/coworking_gallery/001/596/882/le-palace-coworking-nantes0003-standard.jpg'),
(7, '2022-04-09', NULL, '2022-04-11', NULL, 'La Cantine', '11 Rue La Noue', 'Nantes', '44200', 'Hacking Health', '2022-03-09', 250, 'https://www.coworkingnantes.com/wp-content/uploads/2018/02/estardes.jpg');

-- --------------------------------------------------------

--
-- Structure de la table `intervenant`
--

DROP TABLE IF EXISTS `intervenant`;
CREATE TABLE IF NOT EXISTS `intervenant` (
  `IdIntervenant` int(11) NOT NULL AUTO_INCREMENT,
  `Nom` varchar(256) NOT NULL,
  `Prenom` varchar(256) NOT NULL,
  `Mail` varchar(256) NOT NULL,
  `Telephone` int(11) NOT NULL,
  PRIMARY KEY (`IdIntervenant`)
) ENGINE=InnoDB AUTO_INCREMENT=121 DEFAULT CHARSET=utf8;

--
-- Déchargement des données de la table `intervenant`
--

INSERT INTO `intervenant` (`IdIntervenant`, `Nom`, `Prenom`, `Mail`, `Telephone`) VALUES
(81, 'Presley', 'Intéressant', 'apresley0@infoseek.co.jp', 1432781863),
(82, 'Munton', 'Zhì', 'vmunton1@ezinearticles.com', 2147483647),
(83, 'Golightly', 'Solène', 'ngolightly2@dropbox.com', 2147483647),
(84, 'Sigfrid', 'Angélique', 'wsigfrid3@yahoo.com', 2147483647),
(85, 'Goadby', 'Edmée', 'fgoadby4@lulu.com', 2063341017),
(86, 'Woolmore', 'Inès', 'jwoolmore5@last.fm', 2147483647),
(87, 'Scowen', 'Océanne', 'uscowen6@time.com', 2147483647),
(88, 'Bengall', 'Gérald', 'dbengall7@cnet.com', 2147483647),
(89, 'Luesley', 'Uò', 'mluesley8@adobe.com', 2147483647),
(90, 'Gitsham', 'Méryl', 'cgitsham9@prnewswire.com', 2147483647),
(91, 'Reneke', 'Táng', 'arenekea@dropbox.com', 2147483647),
(92, 'Van Niekerk', 'Cunégonde', 'wvanniekerkb@cornell.edu', 2147483647),
(93, 'Drewry', 'Alizée', 'idrewryc@dion.ne.jp', 2147483647),
(94, 'Mallam', 'Aí', 'nmallamd@ox.ac.uk', 2147483647),
(95, 'Winnard', 'Clémence', 'lwinnarde@toplist.cz', 2147483647),
(96, 'Kleiner', 'Vénus', 'lkleinerf@archive.org', 2147483647),
(97, 'Dyzart', 'Léane', 'cdyzartg@go.com', 2147483647),
(98, 'Rugge', 'Daphnée', 'yruggeh@bbb.org', 2147483647),
(99, 'Gibard', 'Angèle', 'rgibardi@amazon.com', 2147483647),
(100, 'Thinn', 'Björn', 'vthinnj@jimdo.com', 2147483647),
(101, 'Pickance', 'Médiamass', 'jpickancek@phpbb.com', 2147483647),
(102, 'Bartol', 'Réjane', 'abartoll@aboutads.info', 2147483647),
(103, 'Basler', 'Marie-noël', 'ybaslerm@jiathis.com', 1591752475),
(104, 'Cail', 'Maëline', 'icailn@abc.net.au', 2147483647),
(105, 'McCuffie', 'Cléa', 'emccuffieo@sina.com.cn', 2147483647),
(106, 'Singyard', 'Maëlla', 'asingyardp@typepad.com', 2147483647),
(107, 'Korpal', 'Andréa', 'wkorpalq@so-net.ne.jp', 2147483647),
(108, 'Hungerford', 'Léonore', 'nhungerfordr@theguardian.com', 2147483647),
(109, 'Croisier', 'Océane', 'rcroisiers@nasa.gov', 2147483647),
(110, 'Piatto', 'Björn', 'gpiattot@telegraph.co.uk', 2147483647),
(111, 'Lannon', 'Andréanne', 'elannonu@forbes.com', 2147483647),
(112, 'Cakebread', 'Marie-thérèse', 'scakebreadv@clickbank.net', 2147483647),
(113, 'Vanezis', 'Dù', 'kvanezisw@jimdo.com', 2147483647),
(114, 'Lavielle', 'Solène', 'jlaviellex@xinhuanet.com', 2147483647),
(115, 'Bussell', 'Marlène', 'cbusselly@theglobeandmail.com', 2147483647),
(116, 'Order', 'Clémentine', 'korderz@sciencedirect.com', 2147483647),
(117, 'Buffey', 'Josée', 'dbuffey10@symantec.com', 2147483647),
(118, 'Pibsworth', 'Pò', 'tpibsworth11@bigcartel.com', 2147483647),
(119, 'Hazart', 'Maï', 'ahazart12@illinois.edu', 2147483647),
(120, 'Metson', 'Mélina', 'ametson13@ted.com', 1822864735);

-- --------------------------------------------------------

--
-- Structure de la table `intervenantevenement`
--

DROP TABLE IF EXISTS `intervenantevenement`;
CREATE TABLE IF NOT EXISTS `intervenantevenement` (
  `IdIE` int(11) NOT NULL AUTO_INCREMENT,
  `IdIntervenant` int(11) NOT NULL,
  `IdEvenement` int(11) NOT NULL,
  PRIMARY KEY (`IdIE`),
  KEY `Intervenantevenement_ibfk_1` (`IdIntervenant`),
  KEY `Intervenantevenement_ibfk_2` (`IdEvenement`)
) ENGINE=InnoDB AUTO_INCREMENT=16 DEFAULT CHARSET=utf8;

--
-- Déchargement des données de la table `intervenantevenement`
--

INSERT INTO `intervenantevenement` (`IdIE`, `IdIntervenant`, `IdEvenement`) VALUES
(1, 104, 24),
(2, 92, 22),
(3, 93, 17),
(4, 119, 21),
(5, 95, 20),
(6, 97, 24),
(7, 83, 16),
(8, 102, 20),
(9, 117, 22),
(10, 117, 15),
(11, 104, 20),
(12, 115, 15),
(13, 82, 23),
(14, 117, 22),
(15, 85, 23);

-- --------------------------------------------------------

--
-- Structure de la table `participant`
--

DROP TABLE IF EXISTS `participant`;
CREATE TABLE IF NOT EXISTS `participant` (
  `IdParticipant` int(30) NOT NULL AUTO_INCREMENT,
  `Nom` varchar(30) NOT NULL,
  `Prenom` varchar(30) NOT NULL,
  `Mail` varchar(100) NOT NULL,
  `Telephone` int(10) DEFAULT NULL,
  `DateDeNaissance` date NOT NULL,
  `LienPortfolio` varchar(256) DEFAULT NULL,
  `Mdp` varchar(256) NOT NULL,
  PRIMARY KEY (`IdParticipant`)
) ENGINE=InnoDB AUTO_INCREMENT=106 DEFAULT CHARSET=utf8;

--
-- Déchargement des données de la table `participant`
--

INSERT INTO `participant` (`IdParticipant`, `Nom`, `Prenom`, `Mail`, `Telephone`, `DateDeNaissance`, `LienPortfolio`, `Mdp`) VALUES
(1, 'Pierre', 'Pierre', 'pierre.pierre@pepe.fr', 78944512, '2021-07-22', 'http://localhost/phpmyadmin/tbl_change.php?db=Hackathon&table=Participants&server=2', 'pierre'),
(2, 'Adrien', 'Adrien', 'adrien@adrii.fr', 7528493, '2017-11-02', 'dsfzghjektlrthyj', 'adrien'),
(3, 'BAPTISTE', 'boudaud', 'ewsrxdtc', 5120, '2027-12-10', 'https://portfolioboudaudbaptiste.wordpress.com', 'Baptou'),
(4, 'Maddyson', 'Mégane', 'mmaddyson0@paginegialle.it', 2147483647, '1985-12-22', 'https://elpais.com/et/ultrices/posuere/cubilia/curae/nulla.jpg?turpis=diam&enim=id&blandit=ornare&mi=imperdiet&in=sapien&porttitor=urna&pede=pretium&justo=nisl&eu=ut&massa=volutpat&donec=sapien&dapibus=arcu&duis=sed&at=augue', 'web-enabled'),
(5, 'Beirne', 'Océane', 'pbeirne1@weibo.com', 2147483647, '2010-02-16', 'http://auda.org.au/metus/aenean/fermentum/donec.jpg?ultrices=condimentum&posuere=id&cubilia=luctus&curae=nec&nulla=molestie&dapibus=sed&dolor=justo&vel=pellentesque&est=viverra&donec=pede&odio=ac&justo=diam&sollicitudin=cras&ut=pellentesque&suscipit=volutp', 'Robust'),
(6, 'Rojahn', 'Andréa', 'brojahn2@yellowpages.com', 2147483647, '1993-12-25', 'https://pinterest.com/vulputate/vitae/nisl/aenean/lectus.js?ultrices=eu&enim=nibh&lorem=quisque&ipsum=id&dolor=justo&sit=sit&amet=amet&consectetuer=sapien&adipiscing=dignissim&elit=vestibulum&proin=vestibulum&interdum=ante&mauris=ipsum&non=primis&ligula=in', 'matrix'),
(7, 'McClure', 'Séréna', 'lmcclure3@netlog.com', 2147483647, '1974-06-04', 'http://sakura.ne.jp/rhoncus/mauris/enim/leo/rhoncus.jpg?et=quam&ultrices=nec&posuere=dui&cubilia=luctus&curae=rutrum&nulla=nulla&dapibus=tellus&dolor=in&vel=sagittis&est=dui&donec=vel&odio=nisl&justo=duis&sollicitudin=ac&ut=nibh&suscipit=fusce&a=lacus&feug', 'regional'),
(8, 'Wybourne', 'Esbjörn', 'jwybourne4@google.fr', 1056099428, '1992-03-05', 'https://addtoany.com/arcu/sed/augue/aliquam/erat.js?nec=habitasse&condimentum=platea&neque=dictumst&sapien=aliquam&placerat=augue&ante=quam&nulla=sollicitudin&justo=vitae&aliquam=consectetuer&quis=eget&turpis=rutrum&eget=at&elit=lorem&sodales=integer&scele', 'full-range'),
(9, 'Heinish', 'Thérèsa', 'mheinish5@techcrunch.com', 1981743371, '1988-02-12', 'http://deviantart.com/suspendisse/potenti/in.xml?nec=pharetra&euismod=magna&scelerisque=ac&quam=consequat&turpis=metus&adipiscing=sapien&lorem=ut&vitae=nunc&mattis=vestibulum&nibh=ante&ligula=ipsum&nec=primis&sem=in&duis=faucibus&aliquam=orci&convallis=luc', 'encryption'),
(10, 'Aston', 'Joséphine', 'oaston6@google.co.uk', 2147483647, '1958-08-08', 'https://live.com/odio/justo/sollicitudin/ut/suscipit/a/feugiat.aspx?et=id&ultrices=consequat&posuere=in&cubilia=consequat&curae=ut&nulla=nulla&dapibus=sed&dolor=accumsan&vel=felis&est=ut&donec=at&odio=dolor&justo=quis&sollicitudin=odio&ut=consequat&suscipi', 'client-driven'),
(11, 'Muscroft', 'Börje', 'cmuscroft7@berkeley.edu', 1354612417, '1953-06-10', 'http://state.tx.us/nulla/nunc/purus/phasellus.png?risus=sapien&praesent=sapien&lectus=non&vestibulum=mi&quam=integer&sapien=ac&varius=neque&ut=duis&blandit=bibendum&non=morbi&interdum=non&in=quam&ante=nec&vestibulum=dui&ante=luctus&ipsum=rutrum&primis=null', 'Re-engineered'),
(12, 'Vasin', 'Joséphine', 'pvasin8@g.co', 2147483647, '1981-09-29', 'https://mac.com/mus/etiam/vel/augue/vestibulum/rutrum.jpg?nunc=penatibus&commodo=et&placerat=magnis&praesent=dis&blandit=parturient&nam=montes&nulla=nascetur&integer=ridiculus&pede=mus&justo=vivamus&lacinia=vestibulum&eget=sagittis&tincidunt=sapien&eget=cu', 'Switchable'),
(13, 'Loker', 'Céline', 'lloker9@nba.com', 2147483647, '2008-03-31', 'http://auda.org.au/aliquet/at/feugiat/non/pretium.html?nulla=est&elit=lacinia&ac=nisi&nulla=venenatis&sed=tristique&vel=fusce&enim=congue&sit=diam&amet=id&nunc=ornare&viverra=imperdiet&dapibus=sapien&nulla=urna&suscipit=pretium&ligula=nisl&in=ut&lacus=volu', 'Optional'),
(14, 'Hatfull', 'Amélie', 'hhatfulla@feedburner.com', 2147483647, '1962-04-07', 'https://g.co/id/nisl/venenatis.jpg?justo=duis&sollicitudin=consequat&ut=dui&suscipit=nec&a=nisi&feugiat=volutpat&et=eleifend&eros=donec&vestibulum=ut&ac=dolor&est=morbi&lacinia=vel&nisi=lectus&venenatis=in&tristique=quam&fusce=fringilla&congue=rhoncus&diam', 'function'),
(15, 'Flett', 'Médiamass', 'sflettb@columbia.edu', 2147483647, '2003-03-02', 'http://narod.ru/sit.xml?ultrices=orci&posuere=luctus&cubilia=et&curae=ultrices&duis=posuere&faucibus=cubilia&accumsan=curae&odio=nulla&curabitur=dapibus&convallis=dolor&duis=vel&consequat=est&dui=donec&nec=odio&nisi=justo&volutpat=sollicitudin&eleifend=ut&', 'Team-oriented'),
(16, 'Braney', 'Gaïa', 'abraneyc@istockphoto.com', 2147483647, '1999-02-08', 'http://google.com.au/sapien/iaculis/congue/vivamus/metus/arcu/adipiscing.xml?vestibulum=ante&quam=nulla&sapien=justo&varius=aliquam&ut=quis&blandit=turpis&non=eget&interdum=elit&in=sodales&ante=scelerisque&vestibulum=mauris&ante=sit&ipsum=amet&primis=eros&', 'Horizontal'),
(17, 'Grenshields', 'Åke', 'agrenshieldsd@mail.ru', 2147483647, '1994-07-15', 'https://comcast.net/congue/vivamus.png?curabitur=sem&in=duis&libero=aliquam&ut=convallis&massa=nunc&volutpat=proin&convallis=at&morbi=turpis&odio=a&odio=pede&elementum=posuere&eu=nonummy&interdum=integer&eu=non&tincidunt=velit&in=donec&leo=diam&maecenas=ne', 'multi-tasking'),
(18, 'Weond', 'Méthode', 'cweonde@xrea.com', 2147483647, '1981-02-12', 'https://spotify.com/aliquam/lacus/morbi/quis/tortor.jpg?fermentum=donec&justo=semper&nec=sapien&condimentum=a&neque=libero&sapien=nam&placerat=dui&ante=proin&nulla=leo&justo=odio&aliquam=porttitor&quis=id&turpis=consequat&eget=in&elit=consequat&sodales=ut&', 'model'),
(19, 'Jurs', 'Loïca', 'jjursf@prlog.org', 2147483647, '1950-06-09', 'http://reference.com/neque/aenean/auctor.aspx?sapien=eleifend&quis=donec&libero=ut&nullam=dolor&sit=morbi&amet=vel&turpis=lectus&elementum=in&ligula=quam&vehicula=fringilla&consequat=rhoncus&morbi=mauris&a=enim&ipsum=leo&integer=rhoncus&a=sed&nibh=vestibul', 'real-time'),
(20, 'Dee', 'Maïté', 'pdeeg@friendfeed.com', 2147483647, '1976-01-23', 'https://theglobeandmail.com/hac/habitasse/platea/dictumst.js?fusce=iaculis&lacus=diam&purus=erat&aliquet=fermentum&at=justo&feugiat=nec', 'global'),
(21, 'Olenichev', 'Eléa', 'jolenichevh@qq.com', 1373239611, '1964-10-23', 'http://smugmug.com/amet/erat/nulla/tempus/vivamus/in/felis.json?erat=sed&vestibulum=lacus&sed=morbi&magna=sem&at=mauris&nunc=laoreet&commodo=ut&placerat=rhoncus&praesent=aliquet&blandit=pulvinar&nam=sed&nulla=nisl&integer=nunc&pede=rhoncus&justo=dui&lacini', 'regional'),
(22, 'Mattin', 'Frédérique', 'pmattini@prlog.org', 2147483647, '2015-03-14', 'http://nsw.gov.au/at/dolor/quis/odio/consequat/varius.js?luctus=orci&cum=luctus&sociis=et&natoque=ultrices&penatibus=posuere&et=cubilia&magnis=curae&dis=donec&parturient=pharetra&montes=magna&nascetur=vestibulum&ridiculus=aliquet&mus=ultrices&vivamus=erat&', 'matrices'),
(23, 'Buckmaster', 'Mahélie', 'kbuckmasterj@uol.com.br', 2147483647, '1962-03-03', 'http://shinystat.com/faucibus/accumsan/odio/curabitur/convallis/duis/consequat.aspx?nisi=in&at=magna', 'Down-sized'),
(24, 'Trudgion', 'Méng', 'strudgionk@gmpg.org', 2147483647, '1961-09-06', 'http://tuttocitta.it/primis/in/faucibus.json?fusce=turpis&posuere=adipiscing&felis=lorem&sed=vitae&lacus=mattis&morbi=nibh&sem=ligula&mauris=nec&laoreet=sem&ut=duis&rhoncus=aliquam&aliquet=convallis&pulvinar=nunc&sed=proin&nisl=at&nunc=turpis&rhoncus=a&dui', 'stable'),
(25, 'Crapper', 'Mélys', 'mcrapperl@ebay.co.uk', 2147483647, '1970-10-31', 'http://example.com/nec/nisi/vulputate/nonummy.jpg?maecenas=maecenas&ut=leo&massa=odio&quis=condimentum&augue=id&luctus=luctus&tincidunt=nec&nulla=molestie&mollis=sed&molestie=justo&lorem=pellentesque&quisque=viverra&ut=pede&erat=ac&curabitur=diam&gravida=c', 'alliance'),
(26, 'Cardenosa', 'André', 'ecardenosam@go.com', 2147483647, '1968-09-25', 'http://topsy.com/iaculis/justo/in/hac.html?elementum=suscipit&eu=a&interdum=feugiat&eu=et&tincidunt=eros&in=vestibulum&leo=ac&maecenas=est&pulvinar=lacinia&lobortis=nisi&est=venenatis&phasellus=tristique&sit=fusce&amet=congue&erat=diam&nulla=id&tempus=orna', 'workforce'),
(27, 'Jentin', 'Bérangère', 'hjentinn@wordpress.com', 2147483647, '1963-04-05', 'http://reverbnation.com/venenatis/lacinia.xml?amet=pulvinar&cursus=sed&id=nisl&turpis=nunc&integer=rhoncus&aliquet=dui&massa=vel&id=sem&lobortis=sed&convallis=sagittis&tortor=nam&risus=congue&dapibus=risus&augue=semper&vel=porta&accumsan=volutpat&tellus=qu', 'object-oriented'),
(28, 'Boxe', 'Marie-ève', 'jboxeo@ftc.gov', 2147483647, '2004-11-09', 'http://comsenz.com/convallis/eget/eleifend/luctus/ultricies/eu/nibh.aspx?quam=molestie&sollicitudin=lorem&vitae=quisque&consectetuer=ut&eget=erat&rutrum=curabitur&at=gravida&lorem=nisi&integer=at&tincidunt=nibh&ante=in&vel=hac&ipsum=habitasse&praesent=plat', 'static'),
(29, 'Kingescot', 'Aimée', 'skingescotp@studiopress.com', 2147483647, '2002-01-20', 'http://si.edu/massa/tempor/convallis/nulla/neque.json?in=vehicula&leo=condimentum&maecenas=curabitur&pulvinar=in&lobortis=libero&est=ut&phasellus=massa&sit=volutpat&amet=convallis&erat=morbi&nulla=odio&tempus=odio&vivamus=elementum&in=eu&felis=interdum&eu=', 'Optional'),
(30, 'Skeemor', 'Noémie', 'rskeemorq@latimes.com', 2147483647, '1972-07-30', 'http://cisco.com/morbi/vestibulum.jpg?nascetur=lectus&ridiculus=vestibulum', 'Intuitive'),
(31, 'Emilien', 'Léandre', 'bemilienr@google.com', 2147483647, '1965-07-13', 'http://wisc.edu/velit/eu.json?sed=enim&nisl=blandit&nunc=mi&rhoncus=in&dui=porttitor&vel=pede&sem=justo&sed=eu&sagittis=massa&nam=donec&congue=dapibus&risus=duis&semper=at&porta=velit&volutpat=eu&quam=est&pede=congue&lobortis=elementum&ligula=in&sit=hac&am', 'success'),
(32, 'Chritchley', 'Andréanne', 'dchritchleys@hostgator.com', 2147483647, '1962-06-09', 'https://nifty.com/tempor.jpg?rhoncus=imperdiet&aliquet=sapien&pulvinar=urna&sed=pretium&nisl=nisl&nunc=ut&rhoncus=volutpat&dui=sapien&vel=arcu&sem=sed&sed=augue&sagittis=aliquam&nam=erat&congue=volutpat&risus=in&semper=congue&porta=etiam&volutpat=justo&qua', 'encoding'),
(33, 'Marner', 'Tán', 'lmarnert@paginegialle.it', 2147483647, '1967-04-09', 'https://ftc.gov/sed/tincidunt/eu/felis/fusce/posuere.jsp?phasellus=vitae&in=quam&felis=suspendisse&donec=potenti&semper=nullam&sapien=porttitor&a=lacus&libero=at&nam=turpis&dui=donec&proin=posuere&leo=metus&odio=vitae&porttitor=ipsum&id=aliquam&consequat=n', 'neutral'),
(34, 'Simonaitis', 'Vérane', 'gsimonaitisu@addtoany.com', 2147483647, '1967-05-14', 'http://upenn.edu/rhoncus/aliquam.html?consequat=nunc&nulla=proin&nisl=at&nunc=turpis&nisl=a&duis=pede&bibendum=posuere&felis=nonummy&sed=integer&interdum=non&venenatis=velit&turpis=donec&enim=diam&blandit=neque&mi=vestibulum&in=eget&porttitor=vulputate&ped', 'homogeneous'),
(35, 'Brislan', 'Tú', 'ibrislanv@typepad.com', 2147483647, '2006-07-31', 'http://goo.gl/curabitur/in/libero/ut/massa/volutpat/convallis.aspx?in=ante&faucibus=vestibulum&orci=ante&luctus=ipsum&et=primis&ultrices=in&posuere=faucibus&cubilia=orci&curae=luctus&duis=et&faucibus=ultrices&accumsan=posuere&odio=cubilia&curabitur=curae&c', 'Multi-channelled'),
(36, 'Clarke', 'Garçon', 'mclarkew@jugem.jp', 2147483647, '1996-01-31', 'https://columbia.edu/nec/euismod/scelerisque/quam/turpis/adipiscing.json?fringilla=at&rhoncus=turpis&mauris=donec&enim=posuere&leo=metus&rhoncus=vitae&sed=ipsum&vestibulum=aliquam&sit=non&amet=mauris&cursus=morbi&id=non&turpis=lectus&integer=aliquam&alique', 'open system'),
(37, 'Dodwell', 'Thérèse', 'adodwellx@i2i.jp', 2147483647, '1974-02-01', 'http://tuttocitta.it/vestibulum/sed/magna.png?odio=dolor&odio=morbi&elementum=vel&eu=lectus&interdum=in&eu=quam&tincidunt=fringilla&in=rhoncus&leo=mauris&maecenas=enim&pulvinar=leo&lobortis=rhoncus&est=sed&phasellus=vestibulum&sit=sit&amet=amet&erat=cursus', 'functionalities'),
(38, 'Gierok', 'Gösta', 'pgieroky@1688.com', 2147483647, '1991-09-26', 'http://sciencedaily.com/hendrerit/at/vulputate/vitae/nisl.jpg?rhoncus=tellus&aliquam=nisi', 'workforce'),
(39, 'MacKay', 'Valérie', 'bmackayz@unicef.org', 2147483647, '1993-03-12', 'https://archive.org/sit/amet.aspx?sem=est&fusce=phasellus&consequat=sit&nulla=amet&nisl=erat&nunc=nulla&nisl=tempus&duis=vivamus&bibendum=in&felis=felis&sed=eu&interdum=sapien&venenatis=cursus&turpis=vestibulum&enim=proin&blandit=eu&mi=mi&in=nulla&porttito', 'Managed'),
(40, 'Loyns', 'Eléa', 'bloyns10@studiopress.com', 2147483647, '1995-03-01', 'https://ow.ly/natoque/penatibus/et/magnis.html?elementum=phasellus&ligula=sit&vehicula=amet&consequat=erat&morbi=nulla&a=tempus&ipsum=vivamus&integer=in&a=felis&nibh=eu&in=sapien&quis=cursus&justo=vestibulum&maecenas=proin&rhoncus=eu&aliquam=mi&lacus=nulla', 'Cloned'),
(41, 'Whitwham', 'Märta', 'bwhitwham11@cbslocal.com', 2147483647, '1956-08-31', 'https://imdb.com/in.png?non=augue&velit=quam&donec=sollicitudin&diam=vitae&neque=consectetuer&vestibulum=eget&eget=rutrum&vulputate=at&ut=lorem&ultrices=integer&vel=tincidunt&augue=ante&vestibulum=vel&ante=ipsum&ipsum=praesent&primis=blandit&in=lacinia&fau', '24 hour'),
(42, 'Nevet', 'Annotés', 'tnevet12@joomla.org', 2147483647, '1992-04-04', 'https://unesco.org/in/leo/maecenas.json?augue=ligula&vestibulum=suspendisse&ante=ornare&ipsum=consequat&primis=lectus&in=in&faucibus=est&orci=risus&luctus=auctor&et=sed&ultrices=tristique&posuere=in&cubilia=tempus&curae=sit&donec=amet&pharetra=sem&magna=fu', 'optimizing'),
(43, 'Wyrill', 'Maëlla', 'dwyrill13@ox.ac.uk', 2147483647, '1968-02-07', 'https://altervista.org/sit/amet/eros/suspendisse/accumsan.js?posuere=justo&cubilia=pellentesque&curae=viverra&duis=pede&faucibus=ac&accumsan=diam&odio=cras&curabitur=pellentesque&convallis=volutpat&duis=dui&consequat=maecenas&dui=tristique&nec=est&nisi=et&', 'object-oriented'),
(44, 'Furber', 'Angèle', 'hfurber14@odnoklassniki.ru', 1872279600, '2012-05-20', 'https://ucoz.ru/pretium.jsp?in=fusce&tempor=lacus&turpis=purus&nec=aliquet&euismod=at&scelerisque=feugiat&quam=non', 'encoding'),
(45, 'Pankhurst.', 'Vérane', 'hpankhurst15@scribd.com', 2147483647, '1956-11-27', 'https://linkedin.com/lorem/quisque/ut.png?donec=sapien&semper=non&sapien=mi&a=integer&libero=ac&nam=neque&dui=duis&proin=bibendum&leo=morbi', 'coherent'),
(46, 'North', 'Lauréna', 'bnorth16@meetup.com', 2147483647, '1996-07-19', 'https://sitemeter.com/in.js?quis=nulla&orci=mollis&nullam=molestie&molestie=lorem&nibh=quisque&in=ut&lectus=erat&pellentesque=curabitur&at=gravida&nulla=nisi&suspendisse=at&potenti=nibh&cras=in&in=hac&purus=habitasse&eu=platea&magna=dictumst&vulputate=aliq', 'responsive'),
(47, 'Furmenger', 'Sélène', 'sfurmenger17@umn.edu', 2147483647, '1970-02-20', 'http://webs.com/dis.jpg?quam=sit&sollicitudin=amet&vitae=sapien&consectetuer=dignissim&eget=vestibulum&rutrum=vestibulum&at=ante&lorem=ipsum&integer=primis&tincidunt=in&ante=faucibus&vel=orci&ipsum=luctus&praesent=et&blandit=ultrices&lacinia=posuere&erat=c', 'archive'),
(48, 'Mityashin', 'Gwenaëlle', 'kmityashin18@godaddy.com', 2147483647, '2004-02-04', 'https://bandcamp.com/lobortis.html?interdum=urna&in=pretium&ante=nisl&vestibulum=ut&ante=volutpat&ipsum=sapien&primis=arcu&in=sed&faucibus=augue&orci=aliquam&luctus=erat', 'User-friendly'),
(49, 'Dollard', 'Méghane', 'ndollard19@goo.ne.jp', 2147483647, '2012-03-04', 'https://indiatimes.com/ultrices/phasellus.png?duis=convallis&at=tortor', 'Customer-focused'),
(50, 'Belliveau', 'Mahélie', 'kbelliveau1a@ucla.edu', 2147483647, '1969-11-01', 'https://slideshare.net/quam/sollicitudin/vitae.xml?eu=neque&felis=sapien&fusce=placerat&posuere=ante&felis=nulla&sed=justo&lacus=aliquam&morbi=quis&sem=turpis&mauris=eget&laoreet=elit&ut=sodales&rhoncus=scelerisque&aliquet=mauris&pulvinar=sit&sed=amet&nisl', 'Team-oriented'),
(51, 'Kiff', 'Réservés', 'mkiff1b@multiply.com', 1158038843, '1966-06-17', 'http://yahoo.com/tristique/est/et/tempus/semper/est.js?habitasse=sed&platea=accumsan&dictumst=felis&etiam=ut&faucibus=at&cursus=dolor&urna=quis&ut=odio&tellus=consequat&nulla=varius&ut=integer&erat=ac&id=leo&mauris=pellentesque', 'Integrated'),
(52, 'Fawdry', 'Liè', 'lfawdry1c@samsung.com', 2147483647, '1974-08-09', 'https://ebay.co.uk/dui/proin/leo/odio/porttitor/id.aspx?mauris=vel&viverra=accumsan&diam=tellus&vitae=nisi&quam=eu&suspendisse=orci&potenti=mauris&nullam=lacinia&porttitor=sapien&lacus=quis&at=libero&turpis=nullam&donec=sit&posuere=amet&metus=turpis&vitae=', 'well-modulated'),
(53, 'Stoeck', 'Mélinda', 'astoeck1d@blogspot.com', 2147483647, '1958-10-28', 'http://deviantart.com/interdum/in/ante/vestibulum/ante/ipsum.jsp?commodo=vestibulum&vulputate=velit&justo=id&in=pretium&blandit=iaculis&ultrices=diam&enim=erat&lorem=fermentum&ipsum=justo&dolor=nec&sit=condimentum&amet=neque&consectetuer=sapien&adipiscing=', 'hybrid'),
(54, 'Robuchon', 'Angélique', 'mrobuchon1e@upenn.edu', 2147483647, '1984-02-05', 'http://example.com/libero/non.jpg?nulla=condimentum&ut=curabitur&erat=in&id=libero&mauris=ut&vulputate=massa&elementum=volutpat&nullam=convallis&varius=morbi&nulla=odio&facilisi=odio&cras=elementum&non=eu&velit=interdum&nec=eu&nisi=tincidunt&vulputate=in&n', 'Programmable'),
(55, 'Robotham', 'Salomé', 'hrobotham1f@shutterfly.com', 1109903298, '1956-09-19', 'https://lulu.com/nisl/duis.json?in=ut&hac=erat&habitasse=curabitur&platea=gravida&dictumst=nisi&etiam=at&faucibus=nibh&cursus=in&urna=hac&ut=habitasse&tellus=platea&nulla=dictumst&ut=aliquam&erat=augue&id=quam&mauris=sollicitudin&vulputate=vitae&elementum=', 'multi-state'),
(56, 'Koubek', 'Maëlyss', 'kkoubek1g@irs.gov', 2147483647, '1974-06-07', 'https://squarespace.com/interdum/venenatis/turpis/enim/blandit/mi.aspx?venenatis=et&non=ultrices&sodales=posuere&sed=cubilia&tincidunt=curae&eu=nulla&felis=dapibus&fusce=dolor&posuere=vel&felis=est&sed=donec&lacus=odio&morbi=justo&sem=sollicitudin&mauris=u', 'Optional'),
(57, 'Mottram', 'Chloé', 'rmottram1h@plala.or.jp', 2147483647, '1980-02-11', 'https://typepad.com/cursus/id/turpis/integer/aliquet/massa/id.jsp?donec=ornare&diam=consequat&neque=lectus&vestibulum=in&eget=est&vulputate=risus&ut=auctor&ultrices=sed&vel=tristique&augue=in&vestibulum=tempus&ante=sit&ipsum=amet&primis=sem&in=fusce&faucib', 'intangible'),
(58, 'Walesby', 'Eugénie', 'swalesby1i@canalblog.com', 2147483647, '1993-06-09', 'http://mapquest.com/faucibus/accumsan/odio/curabitur/convallis/duis.xml?venenatis=consequat&tristique=varius&fusce=integer&congue=ac&diam=leo&id=pellentesque&ornare=ultrices&imperdiet=mattis&sapien=odio&urna=donec&pretium=vitae&nisl=nisi&ut=nam&volutpat=ul', 'zero administration'),
(59, 'Hackwell', 'Laurélie', 'ahackwell1j@pagesperso-orange.fr', 2147483647, '2014-10-22', 'http://google.fr/arcu/adipiscing/molestie/hendrerit/at/vulputate/vitae.js?sollicitudin=volutpat&mi=dui&sit=maecenas&amet=tristique&lobortis=est&sapien=et&sapien=tempus&non=semper&mi=est&integer=quam&ac=pharetra&neque=magna&duis=ac&bibendum=consequat&morbi=', 'forecast'),
(60, 'Locker', 'Bénédicte', 'wlocker1k@com.com', 2147483647, '1955-03-03', 'http://oaic.gov.au/nisl/venenatis/lacinia/aenean/sit/amet.jpg?a=sodales', 'open architecture'),
(61, 'Honacker', 'Vénus', 'khonacker1l@about.com', 1157800508, '1989-12-17', 'https://narod.ru/justo/sollicitudin.png?sapien=curabitur&placerat=in&ante=libero&nulla=ut&justo=massa&aliquam=volutpat&quis=convallis&turpis=morbi&eget=odio&elit=odio&sodales=elementum&scelerisque=eu&mauris=interdum&sit=eu&amet=tincidunt&eros=in&suspendiss', 'Multi-layered'),
(62, 'Sketchley', 'Méng', 'osketchley1m@home.pl', 2147483647, '1980-08-30', 'https://t.co/feugiat/et/eros/vestibulum.png?nisl=iaculis&duis=justo&ac=in&nibh=hac&fusce=habitasse&lacus=platea&purus=dictumst&aliquet=etiam&at=faucibus&feugiat=cursus&non=urna&pretium=ut&quis=tellus&lectus=nulla&suspendisse=ut&potenti=erat&in=id&eleifend=', 'customer loyalty'),
(63, 'Luard', 'Cécilia', 'lluard1n@about.me', 2147483647, '1969-07-06', 'http://usgs.gov/fusce/posuere/felis/sed/lacus/morbi/sem.json?sapien=habitasse&sapien=platea&non=dictumst&mi=morbi&integer=vestibulum&ac=velit&neque=id&duis=pretium&bibendum=iaculis&morbi=diam&non=erat&quam=fermentum&nec=justo&dui=nec&luctus=condimentum&rut', 'structure'),
(64, 'Kitchingman', 'Gaëlle', 'akitchingman1o@miibeian.gov.cn', 2147483647, '1974-10-30', 'https://dailymail.co.uk/in/lacus/curabitur.jsp?suspendisse=est&potenti=donec&cras=odio&in=justo&purus=sollicitudin&eu=ut&magna=suscipit&vulputate=a&luctus=feugiat&cum=et&sociis=eros&natoque=vestibulum&penatibus=ac&et=est&magnis=lacinia', 'Progressive'),
(65, 'Kubes', 'Ophélie', 'ekubes1p@mashable.com', 2147483647, '1950-10-21', 'https://nps.gov/cubilia.html?donec=vulputate&ut=nonummy&dolor=maecenas&morbi=tincidunt&vel=lacus&lectus=at&in=velit&quam=vivamus&fringilla=vel&rhoncus=nulla&mauris=eget&enim=eros&leo=elementum&rhoncus=pellentesque&sed=quisque&vestibulum=porta&sit=volutpat&', 'motivating'),
(66, 'Eden', 'Angèle', 'geden1q@reuters.com', 2147483647, '1975-04-14', 'http://topsy.com/quisque/arcu.jpg?habitasse=rhoncus&platea=dui&dictumst=vel&etiam=sem&faucibus=sed&cursus=sagittis&urna=nam&ut=congue&tellus=risus&nulla=semper&ut=porta&erat=volutpat&id=quam&mauris=pede&vulputate=lobortis&elementum=ligula&nullam=sit&varius', 'artificial intelligence'),
(67, 'Ceaplen', 'Märta', 'sceaplen1r@smugmug.com', 2147483647, '2012-03-24', 'https://domainmarket.com/dui/nec/nisi/volutpat.jsp?nisi=cras&at=pellentesque&nibh=volutpat&in=dui&hac=maecenas&habitasse=tristique&platea=est&dictumst=et&aliquam=tempus&augue=semper&quam=est&sollicitudin=quam&vitae=pharetra&consectetuer=magna&eget=ac&rutru', 'Synchronised'),
(68, 'Fuggle', 'Maï', 'efuggle1s@tripadvisor.com', 1399750694, '1950-09-30', 'http://scribd.com/sapien/arcu/sed/augue/aliquam/erat/volutpat.aspx?in=sed&hac=augue&habitasse=aliquam&platea=erat&dictumst=volutpat&morbi=in&vestibulum=congue&velit=etiam&id=justo&pretium=etiam&iaculis=pretium&diam=iaculis&erat=justo&fermentum=in&justo=hac', 'contingency'),
(69, 'MacTrustram', 'Eugénie', 'cmactrustram1t@xing.com', 2147483647, '1976-04-09', 'http://reddit.com/eros/suspendisse.aspx?quisque=velit&erat=eu&eros=est&viverra=congue&eget=elementum&congue=in&eget=hac&semper=habitasse&rutrum=platea&nulla=dictumst&nunc=morbi&purus=vestibulum&phasellus=velit&in=id&felis=pretium&donec=iaculis&semper=diam&', 'background'),
(70, 'de Glanville', 'Dafnée', 'mdeglanville1u@imageshack.us', 2147483647, '1969-08-23', 'http://dion.ne.jp/in/faucibus/orci/luctus/et/ultrices.jpg?varius=ipsum&ut=primis&blandit=in&non=faucibus&interdum=orci&in=luctus&ante=et&vestibulum=ultrices&ante=posuere&ipsum=cubilia&primis=curae&in=duis&faucibus=faucibus&orci=accumsan&luctus=odio&et=cura', 'toolset'),
(71, 'Frost', 'Yú', 'sfrost1v@amazon.com', 2147483647, '1961-08-25', 'http://over-blog.com/tellus/in/sagittis.png?felis=blandit&fusce=nam&posuere=nulla&felis=integer&sed=pede&lacus=justo&morbi=lacinia&sem=eget&mauris=tincidunt&laoreet=eget&ut=tempus&rhoncus=vel&aliquet=pede&pulvinar=morbi&sed=porttitor&nisl=lorem&nunc=id&rho', 'Virtual'),
(72, 'Chestnut', 'Salomé', 'nchestnut1w@facebook.com', 1816655811, '1980-09-21', 'https://globo.com/sit/amet/nunc/viverra/dapibus/nulla.jpg?pede=platea&venenatis=dictumst&non=etiam&sodales=faucibus&sed=cursus&tincidunt=urna&eu=ut&felis=tellus&fusce=nulla&posuere=ut&felis=erat&sed=id&lacus=mauris&morbi=vulputate', 'bottom-line'),
(73, 'Dunkinson', 'Thérèse', 'mdunkinson1x@jigsy.com', 2147483647, '1951-06-18', 'https://china.com.cn/fermentum/justo/nec/condimentum.aspx?donec=luctus&ut=et&mauris=ultrices&eget=posuere&massa=cubilia&tempor=curae&convallis=mauris&nulla=viverra&neque=diam&libero=vitae&convallis=quam&eget=suspendisse&eleifend=potenti&luctus=nullam&ultri', 'archive'),
(74, 'Wolfinger', 'Gérald', 'lwolfinger1y@virginia.edu', 2147483647, '1968-04-11', 'http://webeden.co.uk/id/lobortis/convallis/tortor/risus/dapibus/augue.png?at=massa&nunc=quis&commodo=augue&placerat=luctus&praesent=tincidunt&blandit=nulla&nam=mollis&nulla=molestie&integer=lorem&pede=quisque&justo=ut&lacinia=erat&eget=curabitur&tincidunt=', 'Progressive'),
(75, 'Benneyworth', 'Táng', 'wbenneyworth1z@yahoo.com', 2147483647, '1975-08-19', 'http://cafepress.com/at/nibh/in/hac/habitasse/platea.aspx?integer=eget&aliquet=semper&massa=rutrum&id=nulla&lobortis=nunc&convallis=purus&tortor=phasellus&risus=in&dapibus=felis&augue=donec&vel=semper&accumsan=sapien&tellus=a&nisi=libero&eu=nam&orci=dui&ma', 'definition'),
(76, 'Hissett', 'Loïc', 'dhissett20@google.com', 1389088463, '1951-02-22', 'http://macromedia.com/curae/nulla/dapibus/dolor.js?hac=sit&habitasse=amet&platea=eros&dictumst=suspendisse&morbi=accumsan&vestibulum=tortor&velit=quis&id=turpis&pretium=sed&iaculis=ante&diam=vivamus&erat=tortor&fermentum=duis&justo=mattis&nec=egestas&condi', 'Business-focused'),
(77, 'Bignall', 'Joséphine', 'wbignall21@canalblog.com', 1204640653, '1963-10-24', 'https://mysql.com/pellentesque/quisque/porta/volutpat/erat/quisque.jpg?libero=nulla&convallis=facilisi&eget=cras&eleifend=non&luctus=velit&ultricies=nec&eu=nisi&nibh=vulputate&quisque=nonummy&id=maecenas&justo=tincidunt&sit=lacus&amet=at&sapien=velit&digni', '24 hour'),
(78, 'Wiburn', 'Anaïs', 'ewiburn22@constantcontact.com', 2147483647, '1974-04-27', 'http://about.com/nulla/ultrices/aliquet.html?est=massa&quam=quis&pharetra=augue&magna=luctus&ac=tincidunt&consequat=nulla&metus=mollis&sapien=molestie&ut=lorem&nunc=quisque&vestibulum=ut&ante=erat&ipsum=curabitur&primis=gravida&in=nisi&faucibus=at&orci=nib', 'parallelism'),
(79, 'Macbane', 'Bérénice', 'tmacbane23@chicagotribune.com', 2147483647, '2008-09-24', 'http://columbia.edu/hac/habitasse/platea/dictumst.jsp?mauris=sit&sit=amet&amet=cursus&eros=id&suspendisse=turpis&accumsan=integer&tortor=aliquet&quis=massa&turpis=id&sed=lobortis&ante=convallis&vivamus=tortor&tortor=risus&duis=dapibus&mattis=augue&egestas=', 'encryption'),
(80, 'Elloy', 'Marie-ève', 'relloy24@chron.com', 2147483647, '1985-03-15', 'http://tuttocitta.it/justo/maecenas/rhoncus/aliquam/lacus/morbi/quis.js?non=rutrum&mattis=neque', 'intermediate'),
(81, 'Elsay', 'Mélys', 'aelsay25@arizona.edu', 2147483647, '1953-03-20', 'http://theguardian.com/tristique/in/tempus/sit/amet/sem.jpg?quis=morbi&odio=porttitor&consequat=lorem&varius=id&integer=ligula&ac=suspendisse&leo=ornare&pellentesque=consequat&ultrices=lectus&mattis=in&odio=est&donec=risus&vitae=auctor&nisi=sed&nam=tristiq', 'interactive'),
(82, 'Daviddi', 'Maëlle', 'adaviddi26@blinklist.com', 2147483647, '1985-04-01', 'http://amazon.de/lobortis/sapien/sapien/non.html?integer=pede&pede=justo', 'workforce'),
(83, 'Martinez', 'Mélodie', 'vmartinez27@whitehouse.gov', 2147483647, '2006-09-24', 'http://cisco.com/est/phasellus/sit/amet/erat.jpg?urna=curae&ut=mauris&tellus=viverra&nulla=diam&ut=vitae&erat=quam&id=suspendisse&mauris=potenti&vulputate=nullam&elementum=porttitor&nullam=lacus&varius=at&nulla=turpis&facilisi=donec&cras=posuere&non=metus&', 'multi-tasking'),
(84, 'Stowers', 'Mahélie', 'sstowers28@usgs.gov', 2147483647, '1992-12-18', 'https://businessweek.com/aliquam/convallis/nunc.js?id=accumsan&consequat=tellus&in=nisi&consequat=eu&ut=orci&nulla=mauris&sed=lacinia&accumsan=sapien&felis=quis&ut=libero&at=nullam&dolor=sit&quis=amet&odio=turpis&consequat=elementum&varius=ligula&integer=v', 'extranet'),
(85, 'Castane', 'Rachèle', 'gcastane29@usatoday.com', 2062881289, '2016-03-08', 'http://simplemachines.org/dapibus.jpg?congue=pede&vivamus=ac&metus=diam&arcu=cras&adipiscing=pellentesque&molestie=volutpat&hendrerit=dui&at=maecenas&vulputate=tristique&vitae=est&nisl=et&aenean=tempus&lectus=semper&pellentesque=est&eget=quam&nunc=pharetra', 'synergy'),
(86, 'Srawley', 'Loïc', 'csrawley2a@hatena.ne.jp', 2096502559, '1999-11-14', 'http://rambler.ru/suscipit/ligula/in.jsp?erat=vulputate&nulla=elementum&tempus=nullam&vivamus=varius&in=nulla&felis=facilisi&eu=cras&sapien=non&cursus=velit&vestibulum=nec&proin=nisi&eu=vulputate&mi=nonummy&nulla=maecenas&ac=tincidunt&enim=lacus&in=at&temp', 'intranet'),
(87, 'Handes', 'Åslög', 'khandes2b@netlog.com', 2147483647, '1999-08-04', 'http://edublogs.org/odio/in.js?ut=vel&massa=augue&volutpat=vestibulum&convallis=rutrum&morbi=rutrum&odio=neque&odio=aenean&elementum=auctor&eu=gravida&interdum=sem&eu=praesent&tincidunt=id&in=massa&leo=id&maecenas=nisl&pulvinar=venenatis&lobortis=lacinia&e', 'definition'),
(88, 'Adamou', 'Esbjörn', 'tadamou2c@telegraph.co.uk', 2147483647, '1978-11-10', 'http://who.int/libero.js?non=magna&quam=at&nec=nunc&dui=commodo&luctus=placerat&rutrum=praesent&nulla=blandit&tellus=nam&in=nulla&sagittis=integer&dui=pede&vel=justo&nisl=lacinia&duis=eget&ac=tincidunt&nibh=eget&fusce=tempus&lacus=vel&purus=pede&aliquet=mo', 'eco-centric'),
(89, 'Lukacs', 'Åsa', 'tlukacs2d@wired.com', 2147483647, '1977-01-09', 'http://163.com/odio.png?quis=ipsum&justo=aliquam&maecenas=non&rhoncus=mauris&aliquam=morbi&lacus=non&morbi=lectus&quis=aliquam&tortor=sit&id=amet&nulla=diam&ultrices=in&aliquet=magna&maecenas=bibendum&leo=imperdiet&odio=nullam&condimentum=orci&id=pede&luct', 'demand-driven'),
(90, 'Challenor', 'Mélissandre', 'dchallenor2e@booking.com', 2147483647, '1991-07-05', 'http://mail.ru/cras.aspx?nisl=morbi&ut=ut&volutpat=odio&sapien=cras&arcu=mi&sed=pede&augue=malesuada&aliquam=in&erat=imperdiet&volutpat=et&in=commodo&congue=vulputate&etiam=justo&justo=in&etiam=blandit&pretium=ultrices&iaculis=enim&justo=lorem&in=ipsum&hac', 'definition'),
(91, 'Roback', 'Cléa', 'nroback2f@github.io', 2147483647, '1992-09-17', 'https://sbwire.com/libero/ut/massa/volutpat.json?eget=natoque&eleifend=penatibus&luctus=et&ultricies=magnis&eu=dis&nibh=parturient&quisque=montes&id=nascetur&justo=ridiculus&sit=mus&amet=vivamus&sapien=vestibulum&dignissim=sagittis&vestibulum=sapien&vestib', 'migration'),
(92, 'Peppard', 'Médiamass', 'dpeppard2g@marriott.com', 2147483647, '1968-12-18', 'https://ibm.com/sed/interdum/venenatis/turpis.js?massa=sed&volutpat=augue&convallis=aliquam&morbi=erat&odio=volutpat&odio=in&elementum=congue&eu=etiam&interdum=justo&eu=etiam&tincidunt=pretium&in=iaculis&leo=justo&maecenas=in&pulvinar=hac&lobortis=habitass', 'motivating'),
(93, 'See', 'Clémence', 'vsee2h@auda.org.au', 1708053897, '1988-04-09', 'https://amazon.co.jp/quam/fringilla/rhoncus/mauris.xml?nisi=phasellus&venenatis=id&tristique=sapien&fusce=in&congue=sapien&diam=iaculis&id=congue&ornare=vivamus&imperdiet=metus&sapien=arcu&urna=adipiscing&pretium=molestie&nisl=hendrerit&ut=at&volutpat=vulp', 'process improvement'),
(94, 'Moffatt', 'Mélinda', 'mmoffatt2i@facebook.com', 2147483647, '1980-12-09', 'http://toplist.cz/aliquet.json?integer=nulla&a=tellus&nibh=in&in=sagittis&quis=dui&justo=vel&maecenas=nisl&rhoncus=duis&aliquam=ac&lacus=nibh&morbi=fusce&quis=lacus&tortor=purus&id=aliquet&nulla=at&ultrices=feugiat&aliquet=non&maecenas=pretium&leo=quis&odi', '5th generation'),
(95, 'Happert', 'Bérengère', 'chappert2j@usgs.gov', 2147483647, '1989-06-16', 'http://fda.gov/magna/vulputate.xml?eu=ridiculus&magna=mus&vulputate=etiam&luctus=vel&cum=augue&sociis=vestibulum&natoque=rutrum&penatibus=rutrum&et=neque&magnis=aenean&dis=auctor&parturient=gravida&montes=sem&nascetur=praesent&ridiculus=id&mus=massa&vivamu', 'fresh-thinking'),
(96, 'Dewis', 'Dorothée', 'cdewis2k@friendfeed.com', 2147483647, '2012-07-02', 'http://gnu.org/parturient.js?mauris=nunc&laoreet=commodo&ut=placerat&rhoncus=praesent&aliquet=blandit&pulvinar=nam&sed=nulla&nisl=integer&nunc=pede&rhoncus=justo&dui=lacinia&vel=eget&sem=tincidunt&sed=eget&sagittis=tempus&nam=vel&congue=pede&risus=morbi&se', 'Polarised'),
(97, 'Brunning', 'Gösta', 'ebrunning2l@walmart.com', 2147483647, '2003-03-17', 'http://yandex.ru/vestibulum/vestibulum/ante/ipsum/primis.json?orci=etiam&vehicula=faucibus&condimentum=cursus&curabitur=urna&in=ut&libero=tellus&ut=nulla&massa=ut&volutpat=erat&convallis=id&morbi=mauris&odio=vulputate&odio=elementum&elementum=nullam&eu=var', 'project'),
(98, 'Hails', 'Méryl', 'phails2m@flavors.me', 2147483647, '1950-02-02', 'https://tripod.com/rhoncus/aliquam.json?praesent=congue&lectus=risus&vestibulum=semper&quam=porta&sapien=volutpat&varius=quam&ut=pede&blandit=lobortis&non=ligula&interdum=sit&in=amet&ante=eleifend&vestibulum=pede&ante=libero&ipsum=quis&primis=orci', 'array'),
(99, 'Fowler', 'Séverine', 'afowler2n@google.com', 1052631999, '1987-11-06', 'http://jigsy.com/vel/nulla.html?mauris=nisi&vulputate=venenatis&elementum=tristique&nullam=fusce&varius=congue&nulla=diam&facilisi=id&cras=ornare&non=imperdiet&velit=sapien&nec=urna&nisi=pretium&vulputate=nisl&nonummy=ut&maecenas=volutpat&tincidunt=sapien&', 'Balanced'),
(100, 'Cholonin', 'Eléonore', 'hcholonin2o@is.gd', 2147483647, '1958-08-29', 'http://usatoday.com/pretium/nisl/ut/volutpat/sapien.aspx?ac=lacus&leo=at', '6th generation'),
(101, 'Palia', 'Adélie', 'epalia2p@sfgate.com', 2147483647, '1996-03-12', 'https://stanford.edu/congue/eget/semper/rutrum/nulla/nunc.png?cras=sit&non=amet&velit=turpis&nec=elementum&nisi=ligula&vulputate=vehicula&nonummy=consequat&maecenas=morbi&tincidunt=a&lacus=ipsum&at=integer&velit=a&vivamus=nibh&vel=in&nulla=quis&eget=justo&', 'holistic'),
(102, 'Edy', 'Desirée', 'hedy2q@google.cn', 2147483647, '1978-04-25', 'https://ezinearticles.com/at.json?ultrices=est&posuere=et&cubilia=tempus&curae=semper&mauris=est&viverra=quam&diam=pharetra&vitae=magna&quam=ac&suspendisse=consequat&potenti=metus&nullam=sapien&porttitor=ut&lacus=nunc&at=vestibulum&turpis=ante&donec=ipsum&', 'service-desk'),
(103, 'Phuprate', 'Noëlla', 'tphuprate2r@bing.com', 2147483647, '1975-08-09', 'http://etsy.com/libero/non/mattis/pulvinar/nulla/pede.jpg?nulla=non&elit=mauris&ac=morbi&nulla=non&sed=lectus&vel=aliquam&enim=sit&sit=amet&amet=diam&nunc=in&viverra=magna&dapibus=bibendum', 'Progressive'),
(104, 'Furber', 'Angèle', 'hfurber14@odnoklassniki.ru', 1872279600, '2012-05-20', 'https://ucoz.ru/pretium.jsp?in=fusce&tempor=lacus&turpis=purus&nec=aliquet&euismod=at&scelerisque=feugiat&quam=non', 'encoding'),
(105, 'Kiff', 'Réservés', 'mkiff1b@multiply.com', 1158038843, '1966-06-17', 'http://yahoo.com/tristique/est/et/tempus/semper/est.js?habitasse=sed&platea=accumsan&dictumst=felis&etiam=ut&faucibus=at&cursus=dolor&urna=quis&ut=odio&tellus=consequat&nulla=varius&ut=integer&erat=ac&id=leo&mauris=pellentesque', 'Integrated');

-- --------------------------------------------------------

--
-- Structure de la table `participantevenement`
--

DROP TABLE IF EXISTS `participantevenement`;
CREATE TABLE IF NOT EXISTS `participantevenement` (
  `Id` int(30) NOT NULL AUTO_INCREMENT,
  `Nom` varchar(128) NOT NULL,
  `Prenom` varchar(128) NOT NULL,
  `Mail` varchar(255) NOT NULL,
  `IdEvenement` int(30) NOT NULL,
  PRIMARY KEY (`Id`),
  KEY `ParticipantEvenement_ibfk_1` (`IdEvenement`)
) ENGINE=InnoDB AUTO_INCREMENT=6 DEFAULT CHARSET=latin1;

--
-- Déchargement des données de la table `participantevenement`
--

INSERT INTO `participantevenement` (`Id`, `Nom`, `Prenom`, `Mail`, `IdEvenement`) VALUES
(1, 'Dupont', 'Thomas', 'tomberdupont@abd.com', 16),
(2, 'Dupond', 'Hugue-eau', 'dupond_huguo@wanadoo.fr', 15),
(3, 'LeBourgeois', 'Yvon', 'adrienabderrahmann@adrienabderrahmann.fr', 16),
(4, 'Pakechteldise', 'Nathan', 'troptard@dommage.net', 16),
(5, 'Matin', 'Martin', 'onsennuit@jamais.org', 15);

-- --------------------------------------------------------

--
-- Structure de la table `participation`
--

DROP TABLE IF EXISTS `participation`;
CREATE TABLE IF NOT EXISTS `participation` (
  `IdParticipation` int(30) NOT NULL AUTO_INCREMENT,
  `IdHackathon` int(30) DEFAULT NULL,
  `IdParticipant` int(30) NOT NULL,
  `DateInscription` date NOT NULL,
  PRIMARY KEY (`IdParticipation`),
  KEY `Participation_ibfk_1` (`IdHackathon`),
  KEY `Participation_ibfk_2` (`IdParticipant`)
) ENGINE=InnoDB AUTO_INCREMENT=102 DEFAULT CHARSET=utf8;

--
-- Déchargement des données de la table `participation`
--

INSERT INTO `participation` (`IdParticipation`, `IdHackathon`, `IdParticipant`, `DateInscription`) VALUES
(1, 1, 1, '2022-03-23'),
(52, 5, 65, '2021-11-25'),
(53, 1, 48, '2022-03-14'),
(54, 3, 48, '2021-04-26'),
(55, 2, 70, '2022-01-27'),
(56, 6, 8, '2021-07-05'),
(57, 5, 61, '2021-07-31'),
(58, 3, 73, '2021-07-20'),
(59, 2, 28, '2021-04-15'),
(60, 3, 44, '2021-04-11'),
(61, 5, 91, '2021-12-17'),
(62, 6, 35, '2021-07-12'),
(63, 7, 97, '2021-12-23'),
(64, 4, 5, '2022-04-03'),
(65, 5, 70, '2021-07-10'),
(66, 2, 54, '2021-11-21'),
(67, 1, 34, '2021-06-12'),
(68, 6, 12, '2022-01-07'),
(69, 1, 12, '2022-01-14'),
(70, 2, 49, '2022-01-01'),
(71, 2, 92, '2021-06-04'),
(72, 1, 76, '2021-08-13'),
(73, 4, 23, '2021-07-17'),
(74, 2, 52, '2021-08-19'),
(75, 4, 34, '2022-01-28'),
(76, 4, 69, '2021-06-17'),
(77, 4, 75, '2021-08-14'),
(78, 5, 41, '2021-04-19'),
(79, 6, 93, '2022-01-23'),
(80, 3, 84, '2021-06-01'),
(81, 5, 75, '2022-03-01'),
(82, 3, 84, '2021-09-29'),
(83, 1, 54, '2021-12-10'),
(84, 6, 19, '2021-09-03'),
(85, 2, 8, '2022-02-23'),
(86, 5, 16, '2021-05-31'),
(87, 7, 4, '2022-01-20'),
(88, 2, 97, '2021-08-05'),
(89, 3, 13, '2021-11-22'),
(90, 4, 35, '2022-02-28'),
(91, 6, 19, '2021-08-22'),
(92, 3, 89, '2021-08-20'),
(93, 7, 59, '2021-07-15'),
(94, 6, 75, '2022-01-15'),
(95, 6, 10, '2021-09-19'),
(96, 3, 9, '2021-07-06'),
(97, 5, 9, '2021-05-18'),
(98, 5, 91, '2021-12-31'),
(99, 1, 94, '2022-01-09'),
(100, 4, 96, '2021-08-22'),
(101, 7, 47, '2022-01-12');

-- --------------------------------------------------------

--
-- Structure de la table `typeevenement`
--

DROP TABLE IF EXISTS `typeevenement`;
CREATE TABLE IF NOT EXISTS `typeevenement` (
  `IdType` int(30) NOT NULL AUTO_INCREMENT,
  `Nom type` varchar(256) NOT NULL,
  PRIMARY KEY (`IdType`)
) ENGINE=InnoDB AUTO_INCREMENT=3 DEFAULT CHARSET=latin1;

--
-- Déchargement des données de la table `typeevenement`
--

INSERT INTO `typeevenement` (`IdType`, `Nom type`) VALUES
(1, 'Conférence'),
(2, 'Atelier d\'initiation');

--
-- Contraintes pour les tables déchargées
--

--
-- Contraintes pour la table `commentaire`
--
ALTER TABLE `commentaire`
  ADD CONSTRAINT `commentaire_ibfk_1` FOREIGN KEY (`IdHackathon`) REFERENCES `hackathon` (`IdHackathon`);

--
-- Contraintes pour la table `evenement`
--
ALTER TABLE `evenement`
  ADD CONSTRAINT `Evenement_ibfk_1` FOREIGN KEY (`IdHackathon`) REFERENCES `hackathon` (`IdHackathon`),
  ADD CONSTRAINT `Evenement_ibfk_2` FOREIGN KEY (`IdTypeEvenement`) REFERENCES `typeevenement` (`IdType`);

--
-- Contraintes pour la table `favori`
--
ALTER TABLE `favori`
  ADD CONSTRAINT `favori_ibfk_1` FOREIGN KEY (`IdHackathon`) REFERENCES `hackathon` (`IdHackathon`),
  ADD CONSTRAINT `favori_ibfk_2` FOREIGN KEY (`IdParticipant`) REFERENCES `participant` (`IdParticipant`);

--
-- Contraintes pour la table `intervenantevenement`
--
ALTER TABLE `intervenantevenement`
  ADD CONSTRAINT `intervenantevenement_ibfk_1` FOREIGN KEY (`IdEvenement`) REFERENCES `evenement` (`IdEvenement`),
  ADD CONSTRAINT `intervenantevenement_ibfk_2` FOREIGN KEY (`IdIntervenant`) REFERENCES `intervenant` (`IdIntervenant`);

--
-- Contraintes pour la table `participantevenement`
--
ALTER TABLE `participantevenement`
  ADD CONSTRAINT `ParticipantEvenement_ibfk_1` FOREIGN KEY (`IdEvenement`) REFERENCES `evenement` (`IdEvenement`);

--
-- Contraintes pour la table `participation`
--
ALTER TABLE `participation`
  ADD CONSTRAINT `Participation_ibfk_1` FOREIGN KEY (`IdHackathon`) REFERENCES `hackathon` (`IdHackathon`),
  ADD CONSTRAINT `Participation_ibfk_2` FOREIGN KEY (`IdParticipant`) REFERENCES `participant` (`IdParticipant`);
COMMIT;

/*!40101 SET CHARACTER_SET_CLIENT=@OLD_CHARACTER_SET_CLIENT */;
/*!40101 SET CHARACTER_SET_RESULTS=@OLD_CHARACTER_SET_RESULTS */;
/*!40101 SET COLLATION_CONNECTION=@OLD_COLLATION_CONNECTION */;
